Line Number,Errors,Matched Product Code,Matched Override Code,Category name,Category ID*,Product code*,Title*,Description*,Brand*,Model,HSN*,HSN code,Video url link,Selling Unit,Uom for Price Compare,Keywords,Key features,Manufacturing address codes,Importer codes,Marketer codes,Weighted Item,Disclaimer,Brand Size Chart Code,Box contents*,Care Instructions,Safety Warning,Safety Rating,Manufacturer Warranty Value,Manufacturer Warranty Unit,Assembly Required,Assembled By,Variant SKU*,Catalog Option 1: Name*,Catalog Option 1: Value*,Catalog Option 2: Name*,Catalog Option 2: Value*,Variant Title*,Image Groups*,Image: Product Images 1*,Image: Product Images 2*,Image: Product Images 3*,Image: Product Images 4,Image: Product Images 5,Image: Product Images 6,Image: Product Images 7,Image: Product Images 8,Image: Product Images 9,Image: Product Images 10,Variant Default Image,EAN,Max Order Quantity Restrictions,Stock SKU*,Vendor,Pricing Type*,MRP*,Offer price(in INR)*,Maximum Order Quantity*,Warranty,Inventory SKU*,Fulfiller Branch Number*,Batch Number,Available quantity*,Multiplier,Low Stock Threshold*,Min lead time to source*,Max lead time to source*,Lead time unit*,Min time to ship*,Max time to ship*,Shipping Time unit*,Shelf life value,Shelf life unit,Country of Origin*,Notes,Best Before Buy Date,Manufactured Date,Month and Year of Import,Item Dimension length value,Item Dimension length unit,Item Dimension width value,Item Dimension width unit,Item Dimension height value,Item Dimension height unit,Item Dimension depth value,Item Dimension depth unit,Item Dimension net weight value,Item Dimension net weight unit,Item Dimension volume value,Item Dimension volume unit,Package Label*,Package Dimension length value*,Package Dimension length unit*,Package Dimension width value*,Package Dimension width unit*,Package Dimension height value*,Package Dimension height unit*,Package Dimension depth value,Package Dimension depth unit,Package Dimension gross weight value*,Package Dimension gross weight unit*,Package Dimension volumetric weight value,Package Dimension volumetric weight unit,Number of Pieces/Product,Net Quantity Value*,Net Quantity Unit*,Accent #C1918E,Embroidery Type #C5689E,Fit #C9586E*,Length #C4396E*,Product Code x Catalog Option Color #C1395T*,Neckline #C3242E*,Net Content #C8102T,Pack Type #C0302E,Product Name #C6549E*,Sleeve Length #C9989E*,Sleeve Type #C5862E,Style Type #C2085E*,Technique #C1081E,Traditional Weave #C7279E,JioMart Allowed Size #C9544E*,Brand Size #C7629E*,Chest Size (In Inches) (in inch) #C5932M*,Shoulder Size Iin Inches) (in inch) #C4249M*,Sleeve Length (In Inches) (in inch) #C8247M,Length (In Inches) (in inch) #C0656M,Neck (In Inches) (in inch) #C2208M,Waist (In Inches) (in inch) #C1781M*,Size Tip #C9554E,Multi Vertical #C5814E,Multi Segment #C9005E,Fashion Grade #C5647E,Month Of Packaging #C6577E,Year Of Packaging #C0346E,Brand Color #C9566T*,Primary Color #C7247E*,Color Shade #C3642E,Fabric #C5808E*,Gender #C9073E*,Pattern #C1078E*,Season #C6627E,Season Year #C6019E,Secondary Color #C5436E,Size Group #C6862E*,Wash Care #C7100E*,Multi Brick #C6412E,Net Quantity #C8283E*,Highlight #C0829T,Hidden Detail #C1279T,Additional Information 1 #C7749T,Additional Information 2 #C1484T,Additional Information 3 #C8987T,Component Count #C2973T*,Manufactured By #C1260T*,Occasion #C6464E*,Trend #C3892T,Product Type #C6161E*
2,"There are specification errors => Length,value not given for mandatory key",,,Kurtis & Tunics,home_fash_wome_ethn_ku15468858,AAA230 - Black (1),ANTEZIK Ethnic Printed Kurti Suit Set for Women,Perfect festive-ready suit set with a rich traditional feel.,ANTEZIK,,62114210,62114210,,pieces,,,office friendly###casual ready###daily suitable,d8b5d5f7561eb81f34e13e1cacfcbcb3,,,,"Color & size may slightly vary due to lighting, screen settings & manual measurement.",,Kurti,,,5,,,,,AAA230 - Black (1) M,Size,M,Colour,Black,ANTEZIK Charming Kurta Pant Set for Festive Look,ANTEZIK Ethnic Printed Kurti Suit Set for Women,Product Images###Legal Images,AP31 - Black (1),AP31 - Black (2),AP31 - Black (3),,,,,,,,,"absolute,2-months,10",AAA230 - Black (1) M,,M Type,999,549,5,,AAA230 - Black (1) M,3PIC0XFLFC01,,10000,1,5,1,3,days,1,4,days,4,days,India,,,,,42,centimeter,32,centimeter,,,,,400,gram,,,Not Applicable,35,centimeter,28,centimeter,4,centimeter,,,500,gram,,,1,1,Pieces,Digital Print,,Regular Fit,Kurtis,AAA230 - Black (1) x Black M,V,1,Single,A-Line Kurta,3/4th,,Regular Kurta,Ajrak,,M,M,38,15,18,40,6.5,32,We recommend you buy a size larger,Ethnic Wear,Women,Fashion,,,Black,Black,Light,100% Cotton,Women,All over print,,,,Regular,Machine Wash,Kurtis & Tunics,1,,,,,,1,ANTEZIK,Casual,,Kurtis
3,"There are specification errors => Length,value not given for mandatory key",,,Kurtis & Tunics,home_fash_wome_ethn_ku15468858,AAA230 - Black (1),ANTEZIK Ethnic Printed Kurti Suit Set for Women,Perfect festive-ready suit set with a rich traditional feel.,ANTEZIK,,62114210,62114210,,pieces,,,office friendly###casual ready###daily suitable,d8b5d5f7561eb81f34e13e1cacfcbcb3,,,,"Color & size may slightly vary due to lighting, screen settings & manual measurement.",,Kurti,,,5,,,,,AAA230 - Black (1) L,Size,L,Colour,Black,ANTEZIK Charming Kurta Pant Set for Festive Look,ANTEZIK Ethnic Printed Kurti Suit Set for Women,Product Images###Legal Images,AP31 - Black (1),AP31 - Black (2),AP31 - Black (3),,,,,,,,,"absolute,2-months,10",AAA230 - Black (1) L,,M Type,999,550,5,,AAA230 - Black (1) L,3PIC0XFLFC01,,10000,1,5,1,3,days,1,4,days,4,days,India,,,,,42,centimeter,32,centimeter,,,,,400,gram,,,Not Applicable,35,centimeter,28,centimeter,4,centimeter,,,500,gram,,,1,1,Pieces,Digital Print,,Regular Fit,Long,AAA230 - Black (1) x Black L,V,1,Single,A-Line Kurta,3/4th,,Regular Kurta,Ajrak,,L,L,38,15,18,40,6.5,32,We recommend you buy a size larger,Ethnic Wear,Women,Fashion,,,Black,Black,Light,100% Cotton,Women,All over print,,,,Regular,Machine Wash,Kurtis & Tunics,1,,,,,,1,ANTEZIK,Casual,,Kurtis
4,"There are specification errors => Length,value not given for mandatory key",,,Kurtis & Tunics,home_fash_wome_ethn_ku15468858,AAA230 - Black (1),ANTEZIK Ethnic Printed Kurti Suit Set for Women,Perfect festive-ready suit set with a rich traditional feel.,ANTEZIK,,62114210,62114210,,pieces,,,office friendly###casual ready###daily suitable,d8b5d5f7561eb81f34e13e1cacfcbcb3,,,,"Color & size may slightly vary due to lighting, screen settings & manual measurement.",,Kurti,,,5,,,,,AAA230 - Black (1) XL,Size,XL,Colour,Black,ANTEZIK Charming Kurta Pant Set for Festive Look,ANTEZIK Ethnic Printed Kurti Suit Set for Women,Product Images###Legal Images,AP31 - Black (1),AP31 - Black (2),AP31 - Black (3),,,,,,,,,"absolute,2-months,10",AAA230 - Black (1) XL,,M Type,999,551,5,,AAA230 - Black (1) XL,3PIC0XFLFC01,,10000,1,5,1,3,days,1,4,days,4,days,India,,,,,42,centimeter,32,centimeter,,,,,400,gram,,,Not Applicable,35,centimeter,28,centimeter,4,centimeter,,,500,gram,,,1,1,Pieces,Digital Print,,Regular Fit,Long,AAA230 - Black (1) x Black XL,V,1,Single,A-Line Kurta,3/4th,,Regular Kurta,Ajrak,,XL,XL,38,15,18,40,6.5,32,We recommend you buy a size larger,Ethnic Wear,Women,Fashion,,,Black,Black,Light,100% Cotton,Women,All over print,,,,Regular,Machine Wash,Kurtis & Tunics,1,,,,,,1,ANTEZIK,Casual,,Kurtis
5,"There are specification errors => Length,value not given for mandatory key",,,Kurtis & Tunics,home_fash_wome_ethn_ku15468858,AAA230 - Black (1),ANTEZIK Ethnic Printed Kurti Suit Set for Women,Perfect festive-ready suit set with a rich traditional feel.,ANTEZIK,,62114210,62114210,,pieces,,,office friendly###casual ready###daily suitable,d8b5d5f7561eb81f34e13e1cacfcbcb3,,,,"Color & size may slightly vary due to lighting, screen settings & manual measurement.",,Kurti,,,5,,,,,AAA230 - Black (1) XXL,Size,XXL,Colour,Black,ANTEZIK Charming Kurta Pant Set for Festive Look,ANTEZIK Ethnic Printed Kurti Suit Set for Women,Product Images###Legal Images,AP31 - Black (1),AP31 - Black (2),AP31 - Black (3),,,,,,,,,"absolute,2-months,10",AAA230 - Black (1) XXL,,M Type,999,552,5,,AAA230 - Black (1) XXL,3PIC0XFLFC01,,10000,1,5,1,3,days,1,4,days,4,days,India,,,,,42,centimeter,32,centimeter,,,,,400,gram,,,Not Applicable,35,centimeter,28,centimeter,4,centimeter,,,500,gram,,,1,1,Pieces,Digital Print,,Regular Fit,Long,AAA230 - Black (1) x Black XXL,V,1,Single,A-Line Kurta,3/4th,,Regular Kurta,Ajrak,,XXL,XXL,38,15,18,40,6.5,32,We recommend you buy a size larger,Ethnic Wear,Women,Fashion,,,Black,Black,Light,100% Cotton,Women,All over print,,,,Regular,Machine Wash,Kurtis & Tunics,1,,,,,,1,ANTEZIK,Casual,,Kurtis
6,"Product Images,Legal Images - Image not found.,Product Images,Legal Images - Image not found.,Product Images,Legal Images - Image not found.,Product Images,Legal Images - Image not found.",,,Kurtis & Tunics,home_fash_wome_ethn_ku15468858,AAA231 - Green (1),ANTEZIK Ethnic Printed Kurti Suit Set for Women,Perfect festive-ready suit set with a rich traditional feel.,ANTEZIK,,62114210,62114210,,pieces,,,office friendly###casual ready###daily suitable,d8b5d5f7561eb81f34e13e1cacfcbcb3,,,,"Color & size may slightly vary due to lighting, screen settings & manual measurement.",,Kurti,,,5,,,,,AAA231 - Green (1) M,Size,M,Colour,Green,ANTEZIK Charming Kurta Pant Set for Festive Look,ANTEZIK Ethnic Printed Kurti Suit Set for Women,Product Images###Legal Images,AP32 - Green (1),AP32 - Green (2),AP32 - Green (3),,,,,,,,,"absolute,2-months,10",AAA231 - Green (1) M,,M Type,999,553,5,,AAA231 - Green (1) M,3PIC0XFLFC01,,10000,1,5,1,3,days,1,4,days,4,days,India,,,,,42,centimeter,32,centimeter,,,,,400,gram,,,Not Applicable,35,centimeter,28,centimeter,4,centimeter,,,500,gram,,,1,1,Pieces,Digital Print,,Regular Fit,Long,AAA231 - Green (1) x Green M,V,1,Single,A-Line Kurta,3/4th,,Regular Kurta,Ajrak,,M,M,38,15,18,40,6.5,32,We recommend you buy a size larger,Ethnic Wear,Women,Fashion,,,Green,Green,Light,100% Cotton,Women,All over print,,,,Regular,Machine Wash,Kurtis & Tunics,1,,,,,,1,ANTEZIK,Casual,,Kurtis
7,"Product Images,Legal Images - Image not found.,Product Images,Legal Images - Image not found.,Product Images,Legal Images - Image not found.,Product Images,Legal Images - Image not found.",,,Kurtis & Tunics,home_fash_wome_ethn_ku15468858,AAA231 - Green (1),ANTEZIK Ethnic Printed Kurti Suit Set for Women,Perfect festive-ready suit set with a rich traditional feel.,ANTEZIK,,62114210,62114210,,pieces,,,office friendly###casual ready###daily suitable,d8b5d5f7561eb81f34e13e1cacfcbcb3,,,,"Color & size may slightly vary due to lighting, screen settings & manual measurement.",,Kurti,,,5,,,,,AAA231 - Green (1) L,Size,L,Colour,Green,ANTEZIK Charming Kurta Pant Set for Festive Look,ANTEZIK Ethnic Printed Kurti Suit Set for Women,Product Images###Legal Images,AP32 - Green (1),AP32 - Green (2),AP32 - Green (3),,,,,,,,,"absolute,2-months,10",AAA231 - Green (1) L,,M Type,999,554,5,,AAA231 - Green (1) L,3PIC0XFLFC01,,10000,1,5,1,3,days,1,4,days,4,days,India,,,,,42,centimeter,32,centimeter,,,,,400,gram,,,Not Applicable,35,centimeter,28,centimeter,4,centimeter,,,500,gram,,,1,1,Pieces,Digital Print,,Regular Fit,Long,AAA231 - Green (1) x Green L,V,1,Single,A-Line Kurta,3/4th,,Regular Kurta,Ajrak,,L,L,38,15,18,40,6.5,32,We recommend you buy a size larger,Ethnic Wear,Women,Fashion,,,Green,Green,Light,100% Cotton,Women,All over print,,,,Regular,Machine Wash,Kurtis & Tunics,1,,,,,,1,ANTEZIK,Casual,,Kurtis
8,"Product Images,Legal Images - Image not found.,Product Images,Legal Images - Image not found.,Product Images,Legal Images - Image not found.,Product Images,Legal Images - Image not found.",,,Kurtis & Tunics,home_fash_wome_ethn_ku15468858,AAA231 - Green (1),ANTEZIK Ethnic Printed Kurti Suit Set for Women,Perfect festive-ready suit set with a rich traditional feel.,ANTEZIK,,62114210,62114210,,pieces,,,office friendly###casual ready###daily suitable,d8b5d5f7561eb81f34e13e1cacfcbcb3,,,,"Color & size may slightly vary due to lighting, screen settings & manual measurement.",,Kurti,,,5,,,,,AAA231 - Green (1) XL,Size,XL,Colour,Green,ANTEZIK Charming Kurta Pant Set for Festive Look,ANTEZIK Ethnic Printed Kurti Suit Set for Women,Product Images###Legal Images,AP32 - Green (1),AP32 - Green (2),AP32 - Green (3),,,,,,,,,"absolute,2-months,10",AAA231 - Green (1) XL,,M Type,999,555,5,,AAA231 - Green (1) XL,3PIC0XFLFC01,,10000,1,5,1,3,days,1,4,days,4,days,India,,,,,42,centimeter,32,centimeter,,,,,400,gram,,,Not Applicable,35,centimeter,28,centimeter,4,centimeter,,,500,gram,,,1,1,Pieces,Digital Print,,Regular Fit,Long,AAA231 - Green (1) x Green XL,V,1,Single,A-Line Kurta,3/4th,,Regular Kurta,Ajrak,,XL,XL,38,15,18,40,6.5,32,We recommend you buy a size larger,Ethnic Wear,Women,Fashion,,,Green,Green,Light,100% Cotton,Women,All over print,,,,Regular,Machine Wash,Kurtis & Tunics,1,,,,,,1,ANTEZIK,Casual,,Kurtis
9,"Product Images,Legal Images - Image not found.,Product Images,Legal Images - Image not found.,Product Images,Legal Images - Image not found.,Product Images,Legal Images - Image not found.",,,Kurtis & Tunics,home_fash_wome_ethn_ku15468858,AAA231 - Green (1),ANTEZIK Ethnic Printed Kurti Suit Set for Women,Perfect festive-ready suit set with a rich traditional feel.,ANTEZIK,,62114210,62114210,,pieces,,,office friendly###casual ready###daily suitable,d8b5d5f7561eb81f34e13e1cacfcbcb3,,,,"Color & size may slightly vary due to lighting, screen settings & manual measurement.",,Kurti,,,5,,,,,AAA231 - Green (1) XXL,Size,XXL,Colour,Green,ANTEZIK Charming Kurta Pant Set for Festive Look,ANTEZIK Ethnic Printed Kurti Suit Set for Women,Product Images###Legal Images,AP32 - Green (1),AP32 - Green (2),AP32 - Green (3),,,,,,,,,"absolute,2-months,10",AAA231 - Green (1) XXL,,M Type,999,556,5,,AAA231 - Green (1) XXL,3PIC0XFLFC01,,10000,1,5,1,3,days,1,4,days,4,days,India,,,,,42,centimeter,32,centimeter,,,,,400,gram,,,Not Applicable,35,centimeter,28,centimeter,4,centimeter,,,500,gram,,,1,1,Pieces,Digital Print,,Regular Fit,Long,AAA231 - Green (1) x Green XXL,V,1,Single,A-Line Kurta,3/4th,,Regular Kurta,Ajrak,,XXL,XXL,38,15,18,40,6.5,32,We recommend you buy a size larger,Ethnic Wear,Women,Fashion,,,Green,Green,Light,100% Cotton,Women,All over print,,,,Regular,Machine Wash,Kurtis & Tunics,1,,,,,,1,ANTEZIK,Casual,,Kurtis
10,"Product Images,Legal Images - Image not found.,Product Images,Legal Images - Image not found.,Product Images,Legal Images - Image not found.,Product Images,Legal Images - Image not found.",,,Kurtis & Tunics,home_fash_wome_ethn_ku15468858,AAA232 - Peach (1),ANTEZIK Ethnic Printed Kurti Suit Set for Women,Perfect festive-ready suit set with a rich traditional feel.,ANTEZIK,,62114210,62114210,,pieces,,,office friendly###casual ready###daily suitable,d8b5d5f7561eb81f34e13e1cacfcbcb3,,,,"Color & size may slightly vary due to lighting, screen settings & manual measurement.",,Kurti,,,5,,,,,AAA232 - Peach (1) M,Size,M,Colour,Blue,ANTEZIK Charming Kurta Pant Set for Festive Look,ANTEZIK Ethnic Printed Kurti Suit Set for Women,Product Images###Legal Images,AP33 - Blue (1),AP33 - Blue (2),AP33 - Blue (3),,,,,,,,,"absolute,2-months,10",AAA232 - Peach (1) M,,M Type,999,557,5,,AAA232 - Peach (1) M,3PIC0XFLFC01,,10000,1,5,1,3,days,1,4,days,4,days,India,,,,,42,centimeter,32,centimeter,,,,,400,gram,,,Not Applicable,35,centimeter,28,centimeter,4,centimeter,,,500,gram,,,1,1,Pieces,Digital Print,,Regular Fit,Long,AAA232 - Peach (1) x Peach M,V,1,Single,A-Line Kurta,3/4th,,Regular Kurta,Ajrak,,M,M,38,15,18,40,6.5,32,We recommend you buy a size larger,Ethnic Wear,Women,Fashion,,,Blue,Blue,Light,100% Cotton,Women,All over print,,,,Regular,Machine Wash,Kurtis & Tunics,1,,,,,,1,ANTEZIK,Casual,,Kurtis
11,"Product Images,Legal Images - Image not found.,Product Images,Legal Images - Image not found.,Product Images,Legal Images - Image not found.,Product Images,Legal Images - Image not found.",,,Kurtis & Tunics,home_fash_wome_ethn_ku15468858,AAA232 - Peach (1),ANTEZIK Ethnic Printed Kurti Suit Set for Women,Perfect festive-ready suit set with a rich traditional feel.,ANTEZIK,,62114210,62114210,,pieces,,,office friendly###casual ready###daily suitable,d8b5d5f7561eb81f34e13e1cacfcbcb3,,,,"Color & size may slightly vary due to lighting, screen settings & manual measurement.",,Kurti,,,5,,,,,AAA232 - Peach (1) L,Size,L,Colour,Blue,ANTEZIK Charming Kurta Pant Set for Festive Look,ANTEZIK Ethnic Printed Kurti Suit Set for Women,Product Images###Legal Images,AP33 - Blue (1),AP33 - Blue (2),AP33 - Blue (3),,,,,,,,,"absolute,2-months,10",AAA232 - Peach (1) L,,M Type,999,558,5,,AAA232 - Peach (1) L,3PIC0XFLFC01,,10000,1,5,1,3,days,1,4,days,4,days,India,,,,,42,centimeter,32,centimeter,,,,,400,gram,,,Not Applicable,35,centimeter,28,centimeter,4,centimeter,,,500,gram,,,1,1,Pieces,Digital Print,,Regular Fit,Long,AAA232 - Peach (1) x Peach L,V,1,Single,A-Line Kurta,3/4th,,Regular Kurta,Ajrak,,L,L,38,15,18,40,6.5,32,We recommend you buy a size larger,Ethnic Wear,Women,Fashion,,,Blue,Blue,Light,100% Cotton,Women,All over print,,,,Regular,Machine Wash,Kurtis & Tunics,1,,,,,,1,ANTEZIK,Casual,,Kurtis
12,"Product Images,Legal Images - Image not found.,Product Images,Legal Images - Image not found.,Product Images,Legal Images - Image not found.,Product Images,Legal Images - Image not found.",,,Kurtis & Tunics,home_fash_wome_ethn_ku15468858,AAA232 - Peach (1),ANTEZIK Ethnic Printed Kurti Suit Set for Women,Perfect festive-ready suit set with a rich traditional feel.,ANTEZIK,,62114210,62114210,,pieces,,,office friendly###casual ready###daily suitable,d8b5d5f7561eb81f34e13e1cacfcbcb3,,,,"Color & size may slightly vary due to lighting, screen settings & manual measurement.",,Kurti,,,5,,,,,AAA232 - Peach (1) XL,Size,XL,Colour,Blue,ANTEZIK Charming Kurta Pant Set for Festive Look,ANTEZIK Ethnic Printed Kurti Suit Set for Women,Product Images###Legal Images,AP33 - Blue (1),AP33 - Blue (2),AP33 - Blue (3),,,,,,,,,"absolute,2-months,10",AAA232 - Peach (1) XL,,M Type,999,559,5,,AAA232 - Peach (1) XL,3PIC0XFLFC01,,10000,1,5,1,3,days,1,4,days,4,days,India,,,,,42,centimeter,32,centimeter,,,,,400,gram,,,Not Applicable,35,centimeter,28,centimeter,4,centimeter,,,500,gram,,,1,1,Pieces,Digital Print,,Regular Fit,Long,AAA232 - Peach (1) x Peach XL,V,1,Single,A-Line Kurta,3/4th,,Regular Kurta,Ajrak,,XL,XL,38,15,18,40,6.5,32,We recommend you buy a size larger,Ethnic Wear,Women,Fashion,,,Blue,Blue,Light,100% Cotton,Women,All over print,,,,Regular,Machine Wash,Kurtis & Tunics,1,,,,,,1,ANTEZIK,Casual,,Kurtis
13,"Product Images,Legal Images - Image not found.,Product Images,Legal Images - Image not found.,Product Images,Legal Images - Image not found.,Product Images,Legal Images - Image not found.",,,Kurtis & Tunics,home_fash_wome_ethn_ku15468858,AAA232 - Peach (1),ANTEZIK Ethnic Printed Kurti Suit Set for Women,Perfect festive-ready suit set with a rich traditional feel.,ANTEZIK,,62114210,62114210,,pieces,,,office friendly###casual ready###daily suitable,d8b5d5f7561eb81f34e13e1cacfcbcb3,,,,"Color & size may slightly vary due to lighting, screen settings & manual measurement.",,Kurti,,,5,,,,,AAA232 - Peach (1) XXL,Size,XXL,Colour,Blue,ANTEZIK Charming Kurta Pant Set for Festive Look,ANTEZIK Ethnic Printed Kurti Suit Set for Women,Product Images###Legal Images,AP33 - Blue (1),AP33 - Blue (2),AP33 - Blue (3),,,,,,,,,"absolute,2-months,10",AAA232 - Peach (1) XXL,,M Type,999,560,5,,AAA232 - Peach (1) XXL,3PIC0XFLFC01,,10000,1,5,1,3,days,1,4,days,4,days,India,,,,,42,centimeter,32,centimeter,,,,,400,gram,,,Not Applicable,35,centimeter,28,centimeter,4,centimeter,,,500,gram,,,1,1,Pieces,Digital Print,,Regular Fit,Long,AAA232 - Peach (1) x Peach XXL,V,1,Single,A-Line Kurta,3/4th,,Regular Kurta,Ajrak,,XXL,XXL,38,15,18,40,6.5,32,We recommend you buy a size larger,Ethnic Wear,Women,Fashion,,,Blue,Blue,Light,100% Cotton,Women,All over print,,,,Regular,Machine Wash,Kurtis & Tunics,1,,,,,,1,ANTEZIK,Casual,,Kurtis
14,"Product Images,Legal Images - Image not found.,Product Images,Legal Images - Image not found.,Product Images,Legal Images - Image not found.,Product Images,Legal Images - Image not found.",,,Kurtis & Tunics,home_fash_wome_ethn_ku15468858,AAA233 - Yellow (1),ANTEZIK Ethnic Printed Kurti Suit Set for Women,Perfect festive-ready suit set with a rich traditional feel.,ANTEZIK,,62114210,62114210,,pieces,,,office friendly###casual ready###daily suitable,d8b5d5f7561eb81f34e13e1cacfcbcb3,,,,"Color & size may slightly vary due to lighting, screen settings & manual measurement.",,Kurti,,,5,,,,,AAA233 - Yellow (1) M,Size,M,Colour,Yellow,ANTEZIK Charming Kurta Pant Set for Festive Look,ANTEZIK Ethnic Printed Kurti Suit Set for Women,Product Images###Legal Images,AP34 - Yellow (1),AP34 - Yellow (2),AP34 - Yellow (3),,,,,,,,,"absolute,2-months,10",AAA233 - Yellow (1) M,,M Type,999,561,5,,AAA233 - Yellow (1) M,3PIC0XFLFC01,,10000,1,5,1,3,days,1,4,days,4,days,India,,,,,42,centimeter,32,centimeter,,,,,400,gram,,,Not Applicable,35,centimeter,28,centimeter,4,centimeter,,,500,gram,,,1,1,Pieces,Digital Print,,Regular Fit,Long,AAA233 - Yellow (1) x Yellow M,V,1,Single,A-Line Kurta,3/4th,,Regular Kurta,Ajrak,,M,M,38,15,18,40,6.5,32,We recommend you buy a size larger,Ethnic Wear,Women,Fashion,,,Yellow,Yellow,Light,100% Cotton,Women,All over print,,,,Regular,Machine Wash,Kurtis & Tunics,1,,,,,,1,ANTEZIK,Casual,,Kurtis
15,"Product Images,Legal Images - Image not found.,Product Images,Legal Images - Image not found.,Product Images,Legal Images - Image not found.,Product Images,Legal Images - Image not found.",,,Kurtis & Tunics,home_fash_wome_ethn_ku15468858,AAA233 - Yellow (1),ANTEZIK Ethnic Printed Kurti Suit Set for Women,Perfect festive-ready suit set with a rich traditional feel.,ANTEZIK,,62114210,62114210,,pieces,,,office friendly###casual ready###daily suitable,d8b5d5f7561eb81f34e13e1cacfcbcb3,,,,"Color & size may slightly vary due to lighting, screen settings & manual measurement.",,Kurti,,,5,,,,,AAA233 - Yellow (1) L,Size,L,Colour,Yellow,ANTEZIK Charming Kurta Pant Set for Festive Look,ANTEZIK Ethnic Printed Kurti Suit Set for Women,Product Images###Legal Images,AP34 - Yellow (1),AP34 - Yellow (2),AP34 - Yellow (3),,,,,,,,,"absolute,2-months,10",AAA233 - Yellow (1) L,,M Type,999,562,5,,AAA233 - Yellow (1) L,3PIC0XFLFC01,,10000,1,5,1,3,days,1,4,days,4,days,India,,,,,42,centimeter,32,centimeter,,,,,400,gram,,,Not Applicable,35,centimeter,28,centimeter,4,centimeter,,,500,gram,,,1,1,Pieces,Digital Print,,Regular Fit,Long,AAA233 - Yellow (1) x Yellow L,V,1,Single,A-Line Kurta,3/4th,,Regular Kurta,Ajrak,,L,L,38,15,18,40,6.5,32,We recommend you buy a size larger,Ethnic Wear,Women,Fashion,,,Yellow,Yellow,Light,100% Cotton,Women,All over print,,,,Regular,Machine Wash,Kurtis & Tunics,1,,,,,,1,ANTEZIK,Casual,,Kurtis
16,"Product Images,Legal Images - Image not found.,Product Images,Legal Images - Image not found.,Product Images,Legal Images - Image not found.,Product Images,Legal Images - Image not found.",,,Kurtis & Tunics,home_fash_wome_ethn_ku15468858,AAA233 - Yellow (1),ANTEZIK Ethnic Printed Kurti Suit Set for Women,Perfect festive-ready suit set with a rich traditional feel.,ANTEZIK,,62114210,62114210,,pieces,,,office friendly###casual ready###daily suitable,d8b5d5f7561eb81f34e13e1cacfcbcb3,,,,"Color & size may slightly vary due to lighting, screen settings & manual measurement.",,Kurti,,,5,,,,,AAA233 - Yellow (1) XL,Size,XL,Colour,Yellow,ANTEZIK Charming Kurta Pant Set for Festive Look,ANTEZIK Ethnic Printed Kurti Suit Set for Women,Product Images###Legal Images,AP34 - Yellow (1),AP34 - Yellow (2),AP34 - Yellow (3),,,,,,,,,"absolute,2-months,10",AAA233 - Yellow (1) XL,,M Type,999,563,5,,AAA233 - Yellow (1) XL,3PIC0XFLFC01,,10000,1,5,1,3,days,1,4,days,4,days,India,,,,,42,centimeter,32,centimeter,,,,,400,gram,,,Not Applicable,35,centimeter,28,centimeter,4,centimeter,,,500,gram,,,1,1,Pieces,Digital Print,,Regular Fit,Long,AAA233 - Yellow (1) x Yellow XL,V,1,Single,A-Line Kurta,3/4th,,Regular Kurta,Ajrak,,XL,XL,38,15,18,40,6.5,32,We recommend you buy a size larger,Ethnic Wear,Women,Fashion,,,Yellow,Yellow,Light,100% Cotton,Women,All over print,,,,Regular,Machine Wash,Kurtis & Tunics,1,,,,,,1,ANTEZIK,Casual,,Kurtis
17,"Product Images,Legal Images - Image not found.,Product Images,Legal Images - Image not found.,Product Images,Legal Images - Image not found.,Product Images,Legal Images - Image not found.",,,Kurtis & Tunics,home_fash_wome_ethn_ku15468858,AAA233 - Yellow (1),ANTEZIK Ethnic Printed Kurti Suit Set for Women,Perfect festive-ready suit set with a rich traditional feel.,ANTEZIK,,62114210,62114210,,pieces,,,office friendly###casual ready###daily suitable,d8b5d5f7561eb81f34e13e1cacfcbcb3,,,,"Color & size may slightly vary due to lighting, screen settings & manual measurement.",,Kurti,,,5,,,,,AAA233 - Yellow (1) XXL,Size,XXL,Colour,Yellow,ANTEZIK Charming Kurta Pant Set for Festive Look,ANTEZIK Ethnic Printed Kurti Suit Set for Women,Product Images###Legal Images,AP34 - Yellow (1),AP34 - Yellow (2),AP34 - Yellow (3),,,,,,,,,"absolute,2-months,10",AAA233 - Yellow (1) XXL,,M Type,999,564,5,,AAA233 - Yellow (1) XXL,3PIC0XFLFC01,,10000,1,5,1,3,days,1,4,days,4,days,India,,,,,42,centimeter,32,centimeter,,,,,400,gram,,,Not Applicable,35,centimeter,28,centimeter,4,centimeter,,,500,gram,,,1,1,Pieces,Digital Print,,Regular Fit,Long,AAA233 - Yellow (1) x Yellow XXL,V,1,Single,A-Line Kurta,3/4th,,Regular Kurta,Ajrak,,XXL,XXL,38,15,18,40,6.5,32,We recommend you buy a size larger,Ethnic Wear,Women,Fashion,,,Yellow,Yellow,Light,100% Cotton,Women,All over print,,,,Regular,Machine Wash,Kurtis & Tunics,1,,,,,,1,ANTEZIK,Casual,,Kurtis
18,"Product Images,Legal Images - Image not found.,Product Images,Legal Images - Image not found.,Product Images,Legal Images - Image not found.,Product Images,Legal Images - Image not found.",,,Kurtis & Tunics,home_fash_wome_ethn_ku15468858,AAA234 - Blue (1),ANTEZIK Ethnic Printed Kurti Suit Set for Women,Perfect festive-ready suit set with a rich traditional feel.,ANTEZIK,,62114210,62114210,,pieces,,,office friendly###casual ready###daily suitable,d8b5d5f7561eb81f34e13e1cacfcbcb3,,,,"Color & size may slightly vary due to lighting, screen settings & manual measurement.",,Kurti,,,5,,,,,AAA234 - Blue (1) M,Size,M,Colour,Blue,ANTEZIK Charming Kurta Pant Set for Festive Look,ANTEZIK Ethnic Printed Kurti Suit Set for Women,Product Images###Legal Images,AP35 - Blue (1),AP35 - Blue (2),AP35 - Blue (3),,,,,,,,,"absolute,2-months,10",AAA234 - Blue (1) M,,M Type,999,565,5,,AAA234 - Blue (1) M,3PIC0XFLFC01,,10000,1,5,1,3,days,1,4,days,4,days,India,,,,,42,centimeter,32,centimeter,,,,,400,gram,,,Not Applicable,35,centimeter,28,centimeter,4,centimeter,,,500,gram,,,1,1,Pieces,Digital Print,,Regular Fit,Long,AAA234 - Blue (1) x Blue M,V,1,Single,A-Line Kurta,3/4th,,Regular Kurta,Ajrak,,M,M,38,15,18,40,6.5,32,We recommend you buy a size larger,Ethnic Wear,Women,Fashion,,,Blue,Blue,Light,100% Cotton,Women,All over print,,,,Regular,Machine Wash,Kurtis & Tunics,1,,,,,,1,ANTEZIK,Casual,,Kurtis
19,"Product Images,Legal Images - Image not found.,Product Images,Legal Images - Image not found.,Product Images,Legal Images - Image not found.,Product Images,Legal Images - Image not found.",,,Kurtis & Tunics,home_fash_wome_ethn_ku15468858,AAA234 - Blue (1),ANTEZIK Ethnic Printed Kurti Suit Set for Women,Perfect festive-ready suit set with a rich traditional feel.,ANTEZIK,,62114210,62114210,,pieces,,,office friendly###casual ready###daily suitable,d8b5d5f7561eb81f34e13e1cacfcbcb3,,,,"Color & size may slightly vary due to lighting, screen settings & manual measurement.",,Kurti,,,5,,,,,AAA234 - Blue (1) L,Size,L,Colour,Blue,ANTEZIK Charming Kurta Pant Set for Festive Look,ANTEZIK Ethnic Printed Kurti Suit Set for Women,Product Images###Legal Images,AP35 - Blue (1),AP35 - Blue (2),AP35 - Blue (3),,,,,,,,,"absolute,2-months,10",AAA234 - Blue (1) L,,M Type,999,566,5,,AAA234 - Blue (1) L,3PIC0XFLFC01,,10000,1,5,1,3,days,1,4,days,4,days,India,,,,,42,centimeter,32,centimeter,,,,,400,gram,,,Not Applicable,35,centimeter,28,centimeter,4,centimeter,,,500,gram,,,1,1,Pieces,Digital Print,,Regular Fit,Long,AAA234 - Blue (1) x Blue L,V,1,Single,A-Line Kurta,3/4th,,Regular Kurta,Ajrak,,L,L,38,15,18,40,6.5,32,We recommend you buy a size larger,Ethnic Wear,Women,Fashion,,,Blue,Blue,Light,100% Cotton,Women,All over print,,,,Regular,Machine Wash,Kurtis & Tunics,1,,,,,,1,ANTEZIK,Casual,,Kurtis
20,"Product Images,Legal Images - Image not found.,Product Images,Legal Images - Image not found.,Product Images,Legal Images - Image not found.,Product Images,Legal Images - Image not found.",,,Kurtis & Tunics,home_fash_wome_ethn_ku15468858,AAA234 - Blue (1),ANTEZIK Ethnic Printed Kurti Suit Set for Women,Perfect festive-ready suit set with a rich traditional feel.,ANTEZIK,,62114210,62114210,,pieces,,,office friendly###casual ready###daily suitable,d8b5d5f7561eb81f34e13e1cacfcbcb3,,,,"Color & size may slightly vary due to lighting, screen settings & manual measurement.",,Kurti,,,5,,,,,AAA234 - Blue (1) XL,Size,XL,Colour,Blue,ANTEZIK Charming Kurta Pant Set for Festive Look,ANTEZIK Ethnic Printed Kurti Suit Set for Women,Product Images###Legal Images,AP35 - Blue (1),AP35 - Blue (2),AP35 - Blue (3),,,,,,,,,"absolute,2-months,10",AAA234 - Blue (1) XL,,M Type,999,567,5,,AAA234 - Blue (1) XL,3PIC0XFLFC01,,10000,1,5,1,3,days,1,4,days,4,days,India,,,,,42,centimeter,32,centimeter,,,,,400,gram,,,Not Applicable,35,centimeter,28,centimeter,4,centimeter,,,500,gram,,,1,1,Pieces,Digital Print,,Regular Fit,Long,AAA234 - Blue (1) x Blue XL,V,1,Single,A-Line Kurta,3/4th,,Regular Kurta,Ajrak,,XL,XL,38,15,18,40,6.5,32,We recommend you buy a size larger,Ethnic Wear,Women,Fashion,,,Blue,Blue,Light,100% Cotton,Women,All over print,,,,Regular,Machine Wash,Kurtis & Tunics,1,,,,,,1,ANTEZIK,Casual,,Kurtis
21,"Product Images,Legal Images - Image not found.,Product Images,Legal Images - Image not found.,Product Images,Legal Images - Image not found.,Product Images,Legal Images - Image not found.",,,Kurtis & Tunics,home_fash_wome_ethn_ku15468858,AAA234 - Blue (1),ANTEZIK Ethnic Printed Kurti Suit Set for Women,Perfect festive-ready suit set with a rich traditional feel.,ANTEZIK,,62114210,62114210,,pieces,,,office friendly###casual ready###daily suitable,d8b5d5f7561eb81f34e13e1cacfcbcb3,,,,"Color & size may slightly vary due to lighting, screen settings & manual measurement.",,Kurti,,,5,,,,,AAA234 - Blue (1) XXL,Size,XXL,Colour,Blue,ANTEZIK Charming Kurta Pant Set for Festive Look,ANTEZIK Ethnic Printed Kurti Suit Set for Women,Product Images###Legal Images,AP35 - Blue (1),AP35 - Blue (2),AP35 - Blue (3),,,,,,,,,"absolute,2-months,10",AAA234 - Blue (1) XXL,,M Type,999,568,5,,AAA234 - Blue (1) XXL,3PIC0XFLFC01,,10000,1,5,1,3,days,1,4,days,4,days,India,,,,,42,centimeter,32,centimeter,,,,,400,gram,,,Not Applicable,35,centimeter,28,centimeter,4,centimeter,,,500,gram,,,1,1,Pieces,Digital Print,,Regular Fit,Long,AAA234 - Blue (1) x Blue XXL,V,1,Single,A-Line Kurta,3/4th,,Regular Kurta,Ajrak,,XXL,XXL,38,15,18,40,6.5,32,We recommend you buy a size larger,Ethnic Wear,Women,Fashion,,,Blue,Blue,Light,100% Cotton,Women,All over print,,,,Regular,Machine Wash,Kurtis & Tunics,1,,,,,,1,ANTEZIK,Casual,,Kurtis
22,"Product Images,Legal Images - Image not found.,Product Images,Legal Images - Image not found.,Product Images,Legal Images - Image not found.,Product Images,Legal Images - Image not found.",,,Kurtis & Tunics,home_fash_wome_ethn_ku15468858,AAA235 - White (1),ANTEZIK Ethnic Printed Kurti Suit Set for Women,Perfect festive-ready suit set with a rich traditional feel.,ANTEZIK,,62114210,62114210,,pieces,,,office friendly###casual ready###daily suitable,d8b5d5f7561eb81f34e13e1cacfcbcb3,,,,"Color & size may slightly vary due to lighting, screen settings & manual measurement.",,Kurti,,,5,,,,,AAA235 - White (1) M,Size,M,Colour,White,ANTEZIK Charming Kurta Pant Set for Festive Look,ANTEZIK Ethnic Printed Kurti Suit Set for Women,Product Images###Legal Images,R06 - White (1),R06 - White (2),R06 - White (3),,,,,,,,,"absolute,2-months,10",AAA235 - White (1) M,,M Type,999,569,5,,AAA235 - White (1) M,3PIC0XFLFC01,,10000,1,5,1,3,days,1,4,days,4,days,India,,,,,42,centimeter,32,centimeter,,,,,400,gram,,,Not Applicable,35,centimeter,28,centimeter,4,centimeter,,,500,gram,,,1,1,Pieces,Digital Print,,Regular Fit,Long,AAA235 - White (1) x White M,V,1,Single,A-Line Kurta,3/4th,,Regular Kurta,Ajrak,,M,M,38,15,18,40,6.5,32,We recommend you buy a size larger,Ethnic Wear,Women,Fashion,,,White,White,Light,100% Cotton,Women,All over print,,,,Regular,Machine Wash,Kurtis & Tunics,1,,,,,,1,ANTEZIK,Casual,,Kurtis
23,"Product Images,Legal Images - Image not found.,Product Images,Legal Images - Image not found.,Product Images,Legal Images - Image not found.,Product Images,Legal Images - Image not found.",,,Kurtis & Tunics,home_fash_wome_ethn_ku15468858,AAA235 - White (1),ANTEZIK Ethnic Printed Kurti Suit Set for Women,Perfect festive-ready suit set with a rich traditional feel.,ANTEZIK,,62114210,62114210,,pieces,,,office friendly###casual ready###daily suitable,d8b5d5f7561eb81f34e13e1cacfcbcb3,,,,"Color & size may slightly vary due to lighting, screen settings & manual measurement.",,Kurti,,,5,,,,,AAA235 - White (1) L,Size,L,Colour,White,ANTEZIK Charming Kurta Pant Set for Festive Look,ANTEZIK Ethnic Printed Kurti Suit Set for Women,Product Images###Legal Images,R06 - White (1),R06 - White (2),R06 - White (3),,,,,,,,,"absolute,2-months,10",AAA235 - White (1) L,,M Type,999,570,5,,AAA235 - White (1) L,3PIC0XFLFC01,,10000,1,5,1,3,days,1,4,days,4,days,India,,,,,42,centimeter,32,centimeter,,,,,400,gram,,,Not Applicable,35,centimeter,28,centimeter,4,centimeter,,,500,gram,,,1,1,Pieces,Digital Print,,Regular Fit,Long,AAA235 - White (1) x White L,V,1,Single,A-Line Kurta,3/4th,,Regular Kurta,Ajrak,,L,L,38,15,18,40,6.5,32,We recommend you buy a size larger,Ethnic Wear,Women,Fashion,,,White,White,Light,100% Cotton,Women,All over print,,,,Regular,Machine Wash,Kurtis & Tunics,1,,,,,,1,ANTEZIK,Casual,,Kurtis
24,"Product Images,Legal Images - Image not found.,Product Images,Legal Images - Image not found.,Product Images,Legal Images - Image not found.,Product Images,Legal Images - Image not found.",,,Kurtis & Tunics,home_fash_wome_ethn_ku15468858,AAA235 - White (1),ANTEZIK Ethnic Printed Kurti Suit Set for Women,Perfect festive-ready suit set with a rich traditional feel.,ANTEZIK,,62114210,62114210,,pieces,,,office friendly###casual ready###daily suitable,d8b5d5f7561eb81f34e13e1cacfcbcb3,,,,"Color & size may slightly vary due to lighting, screen settings & manual measurement.",,Kurti,,,5,,,,,AAA235 - White (1) XL,Size,XL,Colour,White,ANTEZIK Charming Kurta Pant Set for Festive Look,ANTEZIK Ethnic Printed Kurti Suit Set for Women,Product Images###Legal Images,R06 - White (1),R06 - White (2),R06 - White (3),,,,,,,,,"absolute,2-months,10",AAA235 - White (1) XL,,M Type,999,571,5,,AAA235 - White (1) XL,3PIC0XFLFC01,,10000,1,5,1,3,days,1,4,days,4,days,India,,,,,42,centimeter,32,centimeter,,,,,400,gram,,,Not Applicable,35,centimeter,28,centimeter,4,centimeter,,,500,gram,,,1,1,Pieces,Digital Print,,Regular Fit,Long,AAA235 - White (1) x White XL,V,1,Single,A-Line Kurta,3/4th,,Regular Kurta,Ajrak,,XL,XL,38,15,18,40,6.5,32,We recommend you buy a size larger,Ethnic Wear,Women,Fashion,,,White,White,Light,100% Cotton,Women,All over print,,,,Regular,Machine Wash,Kurtis & Tunics,1,,,,,,1,ANTEZIK,Casual,,Kurtis
25,"Product Images,Legal Images - Image not found.,Product Images,Legal Images - Image not found.,Product Images,Legal Images - Image not found.,Product Images,Legal Images - Image not found.",,,Kurtis & Tunics,home_fash_wome_ethn_ku15468858,AAA235 - White (1),ANTEZIK Ethnic Printed Kurti Suit Set for Women,Perfect festive-ready suit set with a rich traditional feel.,ANTEZIK,,62114210,62114210,,pieces,,,office friendly###casual ready###daily suitable,d8b5d5f7561eb81f34e13e1cacfcbcb3,,,,"Color & size may slightly vary due to lighting, screen settings & manual measurement.",,Kurti,,,5,,,,,AAA235 - White (1) XXL,Size,XXL,Colour,White,ANTEZIK Charming Kurta Pant Set for Festive Look,ANTEZIK Ethnic Printed Kurti Suit Set for Women,Product Images###Legal Images,R06 - White (1),R06 - White (2),R06 - White (3),,,,,,,,,"absolute,2-months,10",AAA235 - White (1) XXL,,M Type,999,572,5,,AAA235 - White (1) XXL,3PIC0XFLFC01,,10000,1,5,1,3,days,1,4,days,4,days,India,,,,,42,centimeter,32,centimeter,,,,,400,gram,,,Not Applicable,35,centimeter,28,centimeter,4,centimeter,,,500,gram,,,1,1,Pieces,Digital Print,,Regular Fit,Long,AAA235 - White (1) x White XXL,V,1,Single,A-Line Kurta,3/4th,,Regular Kurta,Ajrak,,XXL,XXL,38,15,18,40,6.5,32,We recommend you buy a size larger,Ethnic Wear,Women,Fashion,,,White,White,Light,100% Cotton,Women,All over print,,,,Regular,Machine Wash,Kurtis & Tunics,1,,,,,,1,ANTEZIK,Casual,,Kurtis
26,"Product Images,Legal Images - Image not found.,Product Images,Legal Images - Image not found.,Product Images,Legal Images - Image not found.,Product Images,Legal Images - Image not found.",,,Kurtis & Tunics,home_fash_wome_ethn_ku15468858,AAA236 - Pink (1),ANTEZIK Ethnic Printed Kurti Suit Set for Women,Perfect festive-ready suit set with a rich traditional feel.,ANTEZIK,,62114210,62114210,,pieces,,,office friendly###casual ready###daily suitable,d8b5d5f7561eb81f34e13e1cacfcbcb3,,,,"Color & size may slightly vary due to lighting, screen settings & manual measurement.",,Kurti,,,5,,,,,AAA236 - Pink (1) M,Size,M,Colour,White,ANTEZIK Charming Kurta Pant Set for Festive Look,ANTEZIK Ethnic Printed Kurti Suit Set for Women,Product Images###Legal Images,R13 - White (1),R13 - White (2),R13 - White (3),,,,,,,,,"absolute,2-months,10",AAA236 - Pink (1) M,,M Type,999,573,5,,AAA236 - Pink (1) M,3PIC0XFLFC01,,10000,1,5,1,3,days,1,4,days,4,days,India,,,,,42,centimeter,32,centimeter,,,,,400,gram,,,Not Applicable,35,centimeter,28,centimeter,4,centimeter,,,500,gram,,,1,1,Pieces,Digital Print,,Regular Fit,Long,AAA236 - Pink (1) x Pink M,V,1,Single,A-Line Kurta,3/4th,,Regular Kurta,Ajrak,,M,M,38,15,18,40,6.5,32,We recommend you buy a size larger,Ethnic Wear,Women,Fashion,,,White,White,Light,100% Cotton,Women,All over print,,,,Regular,Machine Wash,Kurtis & Tunics,1,,,,,,1,ANTEZIK,Casual,,Kurtis
27,"Product Images,Legal Images - Image not found.,Product Images,Legal Images - Image not found.,Product Images,Legal Images - Image not found.,Product Images,Legal Images - Image not found.",,,Kurtis & Tunics,home_fash_wome_ethn_ku15468858,AAA236 - Pink (1),ANTEZIK Ethnic Printed Kurti Suit Set for Women,Perfect festive-ready suit set with a rich traditional feel.,ANTEZIK,,62114210,62114210,,pieces,,,office friendly###casual ready###daily suitable,d8b5d5f7561eb81f34e13e1cacfcbcb3,,,,"Color & size may slightly vary due to lighting, screen settings & manual measurement.",,Kurti,,,5,,,,,AAA236 - Pink (1) L,Size,L,Colour,White,ANTEZIK Charming Kurta Pant Set for Festive Look,ANTEZIK Ethnic Printed Kurti Suit Set for Women,Product Images###Legal Images,R13 - White (1),R13 - White (2),R13 - White (3),,,,,,,,,"absolute,2-months,10",AAA236 - Pink (1) L,,M Type,999,574,5,,AAA236 - Pink (1) L,3PIC0XFLFC01,,10000,1,5,1,3,days,1,4,days,4,days,India,,,,,42,centimeter,32,centimeter,,,,,400,gram,,,Not Applicable,35,centimeter,28,centimeter,4,centimeter,,,500,gram,,,1,1,Pieces,Digital Print,,Regular Fit,Long,AAA236 - Pink (1) x Pink L,V,1,Single,A-Line Kurta,3/4th,,Regular Kurta,Ajrak,,L,L,38,15,18,40,6.5,32,We recommend you buy a size larger,Ethnic Wear,Women,Fashion,,,White,White,Light,100% Cotton,Women,All over print,,,,Regular,Machine Wash,Kurtis & Tunics,1,,,,,,1,ANTEZIK,Casual,,Kurtis
28,"Product Images,Legal Images - Image not found.,Product Images,Legal Images - Image not found.,Product Images,Legal Images - Image not found.,Product Images,Legal Images - Image not found.",,,Kurtis & Tunics,home_fash_wome_ethn_ku15468858,AAA236 - Pink (1),ANTEZIK Ethnic Printed Kurti Suit Set for Women,Perfect festive-ready suit set with a rich traditional feel.,ANTEZIK,,62114210,62114210,,pieces,,,office friendly###casual ready###daily suitable,d8b5d5f7561eb81f34e13e1cacfcbcb3,,,,"Color & size may slightly vary due to lighting, screen settings & manual measurement.",,Kurti,,,5,,,,,AAA236 - Pink (1) XL,Size,XL,Colour,White,ANTEZIK Charming Kurta Pant Set for Festive Look,ANTEZIK Ethnic Printed Kurti Suit Set for Women,Product Images###Legal Images,R13 - White (1),R13 - White (2),R13 - White (3),,,,,,,,,"absolute,2-months,10",AAA236 - Pink (1) XL,,M Type,999,575,5,,AAA236 - Pink (1) XL,3PIC0XFLFC01,,10000,1,5,1,3,days,1,4,days,4,days,India,,,,,42,centimeter,32,centimeter,,,,,400,gram,,,Not Applicable,35,centimeter,28,centimeter,4,centimeter,,,500,gram,,,1,1,Pieces,Digital Print,,Regular Fit,Long,AAA236 - Pink (1) x Pink XL,V,1,Single,A-Line Kurta,3/4th,,Regular Kurta,Ajrak,,XL,XL,38,15,18,40,6.5,32,We recommend you buy a size larger,Ethnic Wear,Women,Fashion,,,White,White,Light,100% Cotton,Women,All over print,,,,Regular,Machine Wash,Kurtis & Tunics,1,,,,,,1,ANTEZIK,Casual,,Kurtis
29,"Product Images,Legal Images - Image not found.,Product Images,Legal Images - Image not found.,Product Images,Legal Images - Image not found.,Product Images,Legal Images - Image not found.",,,Kurtis & Tunics,home_fash_wome_ethn_ku15468858,AAA236 - Pink (1),ANTEZIK Ethnic Printed Kurti Suit Set for Women,Perfect festive-ready suit set with a rich traditional feel.,ANTEZIK,,62114210,62114210,,pieces,,,office friendly###casual ready###daily suitable,d8b5d5f7561eb81f34e13e1cacfcbcb3,,,,"Color & size may slightly vary due to lighting, screen settings & manual measurement.",,Kurti,,,5,,,,,AAA236 - Pink (1) XXL,Size,XXL,Colour,White,ANTEZIK Charming Kurta Pant Set for Festive Look,ANTEZIK Ethnic Printed Kurti Suit Set for Women,Product Images###Legal Images,R13 - White (1),R13 - White (2),R13 - White (3),,,,,,,,,"absolute,2-months,10",AAA236 - Pink (1) XXL,,M Type,999,576,5,,AAA236 - Pink (1) XXL,3PIC0XFLFC01,,10000,1,5,1,3,days,1,4,days,4,days,India,,,,,42,centimeter,32,centimeter,,,,,400,gram,,,Not Applicable,35,centimeter,28,centimeter,4,centimeter,,,500,gram,,,1,1,Pieces,Digital Print,,Regular Fit,Long,AAA236 - Pink (1) x Pink XXL,V,1,Single,A-Line Kurta,3/4th,,Regular Kurta,Ajrak,,XXL,XXL,38,15,18,40,6.5,32,We recommend you buy a size larger,Ethnic Wear,Women,Fashion,,,White,White,Light,100% Cotton,Women,All over print,,,,Regular,Machine Wash,Kurtis & Tunics,1,,,,,,1,ANTEZIK,Casual,,Kurtis
